Claim Type,Sentence
Claim of Representation,"Sie kämpfen für sich und ihre Familie, wenn sie die Sozialdemokratie in diesem Ringen unterstützen."
Claim of Representation,Wir vertreten im Umweltschutz das Verursacherprinzip.
Claim of Representation,"Wir wollen Frieden, Freiheit und Sicherheit für Deutschland, Europa und die Welt  Wir kämpfen für ein freies und geeintes Europa, in dem die deutsche Nation ihre Einheit wiedererlangen kann."
Claim of Representation,Wir vertreten weiterhin eine Beschränkung der Rüstungsexporte und unterstützen alle internationalen Bemühungen um die Einschränkung des Waffenhandels.
Claim of Representation,1.5 Wir kämpfen für die Menschenrechte in aller Welt  Wir leben in der Bundesrepublik Deutschland seit mehr als drei Jahrzehnten in Frieden und Freiheit.
Claim of Representation,"O Wir kämpfen für die Verwirklichung des kürzlich von uns vorgelegten ""Beschäftigungshaushalts 1983-1985""."
Claim of Representation,Wir vertreten die Interessen aller Deutschen.
Claim of Representation,Wir kämpfen für das Selbstbestimmungsrecht der Frau und fordern daher die Streichung des x$218.
Claim of Representation,Wir vertreten die Interessen aller Deutschen.
Claim of Representation,Nur wir wollen überall mehr Freiheit und weniger Staat.
Claim of Representation,Wir kämpfen für eine deutliche Stärkung des grünen Gewichts
Claim of Representation,Wir vertreten die Interessen der Menschen heute und die Interessen unseres Landes.
Claim of Representation,"Und wir kämpfen für eine Verkehrspolitik, in der Autofahren ökologischer und Bahnfahren billiger und attraktiver wird."
Claim of Representation,Wir kämpfen für die Einführung der Bürgerversicherung.
Claim of Representation,"Wir kämpfen für die Freiheit der Kultur und der Künste, auch jenseits des Mainstreams."
Claim of Representation,Wir kämpfen für die Geltung des Völkerrechts und wollen handlungsfähige Weltorganisationen.
Claim of Representation,Wir GRÜNE kämpfen für Unabhängigkeit von fossilen Rohstoffen.
Claim of Representation,Wir kämpfen für faire Energiepreise und mehr Wettbewerb auf den Energiemärkten.
Claim of Representation,Wir kämpfen für den wirksamen Schutz von Natur und Artenvielfalt.
Claim of Representation,"Wir kämpfen für eine starke Europäische Union als globale Akteurin,"
Claim of Representation,"Wir vertreten einen umfassenden Bildungsbegriff, der den Menschen in seiner Vielfalt in den Mittelpunkt stellt."
Claim of Representation,"Wir kämpfen für eine inklusive Demokratie, in der alle mitreden und mitmachen können."
Claim of Representation,Wir kämpfen für faire Energiepreise – gegen Preistreiberei durch Monopole und Marktmanipulationen.
Claim of Representation,"Wir wollen den Abzug aller Atomwaffen aus Deutschland und kämpfen für Global Zero, für eine Welt ohne Atomwaffen – deshalb streiten wir auch weiterhin für eine Nuklearwaffenkonvention, um Atomwaffen völkerrechtlich zu ächten."
Claim of Representation,"Wir bringen unterschiedliche Erfahrungen ein: aus den gewerkschaftlichen Kämpfen für gute Arbeit und Sozialstaat, aus feministischen und antirassistischen Bewegungen, aus der Friedensbewegung."
Claim of Representation,Wir kämpfen für die Abschaffung von jeglichen Gebühren im öffentlichen Bildungssystem.
Claim of Representation,Wir kämpfen für eine größere Wertschätzung für die Bildungsberufe.
Claim of Representation,Wir kämpfen für die Einführung eines bedarfsdeckenden Studienhonorars.
Claim of Representation,Wir kämpfen für ein gerechteres Land.
Claim of Representation,Bürger*inneninitiativen und Nicht-Regierungsorganisationen kämpfen für Natur- und Umweltschutz.
Claim of Representation,"Wir kämpfen für eine global nachhaltige Entwicklung,"
Claim of Representation,"Wir kämpfen für eine Welt ohne Atomwaffen und dafür, sie völkerrechtlich durch eine internationale Konvention zu ächten."
Claim of Representation,"Wir kämpfen für eine menschenrechtskonforme und rechtsstaatliche EU-Flüchtlingspolitik, die sich durch einen fairen Zugang zum Asylverfahren auszeichnet und die Gewährleistungen der Genfer Flüchtlingskonvention umsetzt."
Claim of Representation,"Wir kämpfen für Vielfalt, Offenheit und ein friedliches Zusammenleben."
Claim of Representation,"Wir kämpfen für mehr Transparenz, mehr gesetzlichen Schutz und faire Klagerechte: So sieht grüner Verbraucher*in nenschutz aus."
Claim of Representation,WIR KÄMPFEN FÜR BEZAHLBARE WOHNUNGEN UND LEBENSWERTE KOMMUNEN
Claim of Representation,"Deshalb wollen wir die Arbeitslosenversicherung zur Arbeitsversicherung weiterentwickeln, die Arbeit nehmer*innen bereits im Job, aber auch bei Arbeitslosigkeit bei der Weiterbildung unterstützt (--> Kapitel: Wir kämpfen für gute Arbeit und bessere Vereinbarkeit, S. 216)."
Claim of Representation,WIR KÄMPFEN FÜR GUTE ARBEIT UND BESSERE VEREINBARKEIT
Claim of Representation,"Deshalb fördern wir Weiterbildungen bereits im Job und nicht nur bei Arbeitslosigkeit (--> Kapitel: Wir kämpfen für gute Arbeit und bessere Vereinbarkeit, Projekt Arbeitsversicherung, S. 216)."
Claim of Representation,Wir kämpfen für eine Gerechtigkeitswende.
Claim of Representation,Wir kämpfen für gleiche Löhne und gleichwertige Lebensverhältnisse in Ost und West.
Claim of Representation,Wir kämpfen für mehr Personal in Bildung und Erziehung.
Claim of Representation,Wir wollen gebührenfreie Kitas (Elternbeitragsfreiheit) und kämpfen für die Abschaffung jeglicher Gebühren im öffentlichen Bildungssystem.
Claim of Representation,Wir kämpfen für soziale Gerechtigkeit und gleichwertige Lebensverhältnisse.
Claim of Representation,Wir hingegen kämpfen für gleiche Rechte und eine soziale Offensive für alle.
Claim of Representation,"Wir kämpfen für eine Gesellschaft, in der Menschen sich frei von Existenzangst"
Claim of Representation,Wir kämpfen für konsequente Abrüstung und wollen den Export und die Produktion von Waffen und Rüstungsgütern verbieten.
Claim of Representation,Wir kämpfen für Mindeststandards und eine abgestimmte Besteuerung der Superreichen in Europa.
Claim of Representation,"und kämpfen für eine Demokratie, in der die Menschen entscheiden, nicht die Profitinteressen."
Claim of Representation,"Wir kämpfen für die Freiheit, seine Meinung sagen und veröffentlichen zu können."
Claim of Representation,Wir stellen uns diesen autoritären und nationalistischen Kräften in Europa entschieden entgegen und kämpfen für mehr europäischen Zusammenhalt und Solidarität.
Claim of Representation,Wir kämpfen für einen fairen und nachhaltigen Handel
Claim of Representation,Wir kämpfen für ein neues Wirtschafts- und Gesellschaftsmodell.
Claim of Representation,Wir kämpfen für eine starke soziale Infrastruktur.
Claim of Representation,"Wir kämpfen für eine Mindestsicherung, die sanktionsfrei ist, also nicht gekürzt werden kann."
Claim of Representation,Wir kämpfen für einen inklusiven Arbeitsmarkt ohne Sonderstrukturen.
Claim of Representation,Wir kämpfen für mehr Personal in Bildung und Erziehung.
Claim of Representation,"Sie kämpfen für die eigenen Rechte, den Eigensinn des Ostens und einen Aufbruch Ost."
Claim of Representation,Wir sind die Stimme des Ostens.
Claim of Representation,Sie lenken ab von sozialen Kämpfen für bessere Löhne
Claim of Representation,Wir kämpfen für einen Systemwechsel.
Claim of Representation,"Wir kämpfen für ein soziales, demokratisches und friedliches Europa, für eine andere Europäische Union, in der alle gut leben und arbeiten können."
Claim of Representation,"Und wir kämpfen für die Umsetzung der EU-Gleichstellungsstrategie, das Lösen der Blockade von Women on Board und die Paytransparency Richtlinie in der EU."
Claim of Misrepresentation,"Dazu sagte Bundeskanzler E r h a r d in Düsseldorf:  ""Es geht darum, daß wir den Alleinvertretungsanspruch der Bundesrepublik für das ganze deutsche Volk, d. h. diesseits und jenseits von Mauer, Stacheldraht und Minenfeldern wahrnehmen; denn diese Menschen können nicht ihre Stimme erheben, sie werden nicht gehört."
Claim of Interests/Values,Wir setzen uns ein für die Förderung jeder Art von landwirt­schaftlichen Genossenschaften und insbesondere auch für die wei­tere Ausbreitung der Molkereigenossenschaften und die Neuerrichtung von dazu nötigen modernen Sennereianlagen über das ganze Land hin.
Claim of Interests/Values,"Unser Ziel ist die sofortige Erhöhung, des Realeinkommens der Arbeiter und Angestellten in allen Betrieben."
Claim of Interests/Values,"Wir setzen uns ein für Selbstverwaltung und Selbstbestimmungsrecht des Handwerks in Handwerksfragen, und wir verlangen Förderung des handwerklichen Genossenschaftswesens durch den Staat."
Claim of Interests/Values,Wir setzen uns ein für wirtschaftliche Selbstverwaltung nach dem Grundsatz allseitiger Partnerschaft in der gesamten Wirtschaft.
Claim of Interests/Values,Unser Ziel ist eine allgemeine Volksversicherung.
Claim of Interests/Values,"Unser Ziel ist es, aus dieser Versöhnung heraus mit den freien Ländern Europas und allen unseren Partnern eine weitgehend gemeinsame Politik zu entwickeln."""
Claim of Interests/Values,"Unser Ziel ist, den Behinderten unabhängig von der Ursache ihrer Behinderung die notwendigen gesellschaftlichen Hilfen zu geben und damit auf einem wichtigen Gebiet der Sozialpolitik mehr Chancengleichheit und mehr Gerechtigkeit zu verwirklichen."
Claim of Interests/Values,"Wir setzen uns ein für eine Stärkung des Ansehens der gesellschaftlichen Leistung der Frauen in Familie und Haushalt.,  3."
Claim of Interests/Values,Unser Ziel ist der europäische Bundesstaat.
Claim of Interests/Values,"Unser Ziel ist es, möglichst alle Hauptschüler zum Hauptschulabschluß zu führen, der ihnen den Weg in eine qualifizierte Berufsausbildung öffnet."
Claim of Interests/Values,z. Unser Ziel ist ein geeintes Europa freier Menschen.
Claim of Interests/Values,z.  Wir setzen uns ein für die Erhaltung von Inhalt und Form der deutschen  Sprache.
Claim of Interests/Values,"Unser Ziel ist deshalb die Minderung unserer Abhängigkeit vom Ausland durch sparsamen Energieverbrauch, die stärkere Nutzung des heimischen Energieträgers Kohle sowie die Entwicklung und der Einsatz neuer Energiequellen."
Claim of Interests/Values,"Unser Ziel ist die Wiedererlangung von Vollbeschäftigung, Preisstabilität, soliden Staatsfinanzen und wirtschaftlichem Wachstum."
Claim of Interests/Values,Unser Ziel ist der schrittweise Abbau des Verschuldenszuwachses der öffentlichen Hände und damit die stufenweise Rückführung des Staatsanteils am Bruttosozialprodukt auf ein volkswirtschaftlich vertretbares Maß durch geringeren Anstieg der öffentlichen Ausgaben als des Bruttosozialprodukts.
Claim of Interests/Values,"Wir hängen nicht an allem, was einmal war, aber wir stehen für eine Politik aus einem Geiste, der immer gilt."
Claim of Interests/Values,Unser Ziel ist ein vereintes Europa freier Menschen.
Claim of Interests/Values,"Unser Ziel ist ein gemeinsames Verständnis der grundlegenden Wertentscheidungen, die unser Volk zu einer Gemeinschaft verbinden."
Claim of Interests/Values,"- Wir setzen uns ein für die Stärkung der kommunalen Selbstverwaltung in Städten, Dörfern und Gemeinden."
Claim of Interests/Values,Unser Ziel ist: Es gibt keine Rüstungsproduktion und keinen Rüstungsexport.
Claim of Interests/Values,Unser Ziel ist ein atomwaffenfreies Europa von Polen bis Portugal.
Claim of Interests/Values,Wir stehen für 16 Jahre der Bewahrung und Sicherung des Friedens: darauf sind wir stolz.
Claim of Interests/Values,"Unser Ziel ist es, vom Nichtkrieg durch Abschreckung zu einem Frieden durch Vertrauen zu kommen."
Claim of Interests/Values,"Unser Ziel ist eine Gesellschaft ohne Frauenunterdrückung, Herrschaft, Gewalt und Rollenfestschreibung."
Claim of Interests/Values,"Unser Ziel ist eine Gesellschaft, in der die gesamte gesellschaftlich notwendige Arbeit - Hausarbeit, Kindererziehung und Erwerbsarbeit - auf alle umverteilt und dadurch die geschlechtsspezifische Arbeitsteilung überwunden wird."
Claim of Interests/Values,"Unser Ziel ist es, daß gleiche soziale Tatbestände in allen Alterssicherungssystemen auch zu gleichwertigen Leistungen und Belastungen führen."
Claim of Interests/Values,"Unser Ziel ist es, bei einer allgemeinen Verbesserung der Finanzlage, diesen Kinderzuschlag für ältere Mütter auch in andere Versorgungssysteme einzuführen."
Claim of Interests/Values,"Unser Ziel ist auch, bei der Ausbildungsförderung für Studenten das Volldarlehen abzuschaffen und durch ein gemischtes System von Zuschuß und Darlehensförderung abzulösen."
Claim of Interests/Values,"Unser Ziel ist eine europäische Friedensordnung, welche die Machtblöcke übergreift und schließlich überwindet."
Claim of Interests/Values,"Unser Ziel ist es, die bereits im EDWG Vertrag von 1957 verankerten vier Grundfreiheiten des freien Personenverkehrs, Warenverkehrs, Dienstleistungsgewerbes und Kapitalverkehrs zu verwirklichen."
Claim of Interests/Values,Unser Ziel ist die Bewahrung der Natur und Landschaft in ihrer heutigen Vielfalt.
Claim of Interests/Values,"Unser Ziel ist nicht nur die Förderung der Familie, bestehend aus Eltern und Kindern, sondern auch die Förderung der Mehr-generationen-familie."
Claim of Interests/Values,"Wir stehen für das Prinzip der Gewaltfreiheit bei der Bewältigung jeglicher Konflikte, also auch in der Politik."
Claim of Interests/Values,"Wir setzen uns ein für:  Finanzhilfen zur Umstrukturierung der DDRWirtschaft sowie zur Schaffung neuer Arbeitsplätze, zur Umschulung und Qualifizierung von Arbeitnehmertrinen und Unternehmerinnen, zur Instandsetzung und zum Neubau von Wohnungen."
Claim of Interests/Values,"Wir setzen uns ein für:  die Einberufung einer internationalen Entschuldungskonferenz (NordSüd, OstWest)."
Claim of Interests/Values,"Wir setzen uns ein für: •	eine streng föderativ strukturierte, dem Kulturauftrag und den Rechten von Minderheiten verpflichtete öffentlichrechtliche Rundfunkneuordnung; •	die konsequente MwendungdesKartellrechtsv.a.aufdem Pressemarkt und gegen Monopolbildung; •	neue, alternative, va. nichtkommerzielle Produktims, Sendeund K munikationsfonnen."
Claim of Interests/Values,"Wir stehen für das Selbstbestimmungsrecht von Freue, das wir auch in einer neuen gesamtdeutschen Verfassung 'erankert sehen wollen."
Claim of Interests/Values,Unser Ziel ist die gleichberechtigte Beteiligung von rauen in alten Bereichen des öffentlichen Lebens und der uhrscharf.
Claim of Interests/Values,"Unser Ziel ist es, in der nächsten Wahlperiode ein geschlossenes Konzept zur Alterssicherung der Frauen (unter Berücksichtigung von in Betrieben mithelfenden Familienangehörigen) sowie für die Neuordnung des Berufs- und Erwerbsunfähigkeitsrechts (Rehabilitation und Frühinvalidität) vorzulegen."
Claim of Interests/Values,Unser Ziel ist eine neue Partnerschaft zwischen Mann und Frau.
Claim of Interests/Values,"Unser Ziel ist es, für alle Kinder, die älter als drei Jahre sind, einen Kindergartenplatz zu schaffen."
Claim of Interests/Values,Unser Ziel ist eine gute Gesundheitsversorgung für alle Menschen in Deutschland.
Claim of Interests/Values,"Wir stehen für eine ökologische Offensive, ohne sie haben wir auch wirtschaftlich keine Zukunft."
Claim of Interests/Values,"Unser Ziel ist, für Menschen mit Behinderungen ein selbstbestimmtes Leben zu ermöglichen."
Claim of Interests/Values,"Wir setzen uns ein für die Verbesserung der Rechte aller Minderheiten im eigenen Land und in den Nachbarländern, ohne die alles Bemühen um die Verbesserung der Menschenrechte weltweit unglaubwürdig bleibt."
Claim of Interests/Values,MIT DER ABRÜSTUNG BEI UNS ANFANGEN  Unser Ziel ist ein ABC-Waffen-freies Europa.
Claim of Interests/Values,Unser Ziel ist die gesamteuropäische Integration.
Claim of Interests/Values,"Unser Ziel ist eine gemeinsame europäische Politik, die verhindert, daß die Europäische Union eine Wohlstandsfestung auf Kosten des Südens und des Osten wird."
Claim of Interests/Values,"Unser Ziel ist, den CO2-Ausstoß bis zum Jahr 2005 um mindestens ein Viertel zu verringern."
Claim of Interests/Values,"Unser Ziel ist es, lange Krankenhausaufenthalte zu vermeiden und die Versorgung in der häuslichen Atmosphäre zu ermöglichen."
Claim of Interests/Values,Unser Ziel ist die Soziale und Ökologische Marktwirtschaft.
Claim of Interests/Values,"Unser Ziel ist die Entwicklung eines gesamteuropäischen Wirtschaftsraumes, zu dem ein europäischer Verkehrs-, Kommunikations- und Energieverbund gehört."
Claim of Interests/Values,"Unser Ziel ist, eigenständige Entscheidungs- und Gestaltungsräume zu erweitern, in denen die Bürger ihre Verantwortung für sich und für das Gemeinwohl annehmen."
Claim of Interests/Values,Unser Ziel ist die Verwirklichung eines Niedrigenergie-Standards im Neubau- und Althausbestand
Claim of Interests/Values,"Unser Ziel ist es, in den Aufsichtsräten großer Kapitalgesellschaften VertreterInnen von Verbraucher- und Umweltverbänden Sitze einzuräumen"
Claim of Interests/Values,Wir stehen für ein solidarisches und leistungsfähiges Gesundheitssystem
Claim of Interests/Values,Unser Ziel ist die Rückführung der Staatsverschuldung
Claim of Interests/Values,"Unser Ziel ist ein weiterhin bezahlbares Rentensystem, das den Menschen im Alter einen angemessenen Lebensstandard sichert"
Claim of Interests/Values,"Unser Ziel ist es, den behinderten Menschen ein selbstbestimmtes Leben zu ermöglichen"
Claim of Interests/Values,Unser Ziel ist eine dauerhafte soziale und umweltverträgliche Entwicklung
Claim of Interests/Values,"Unser Ziel ist eine klare und faire Zuordnung der Aufgaben und Finanzen zwischen Bund, Ländern und Gemeinden"
Claim of Interests/Values,Unser Ziel ist ein stabiles Weltwährungs­system
Claim of Interests/Values,Unser Ziel ist die Absenkung der Beiträge zu den gesetzlichen Sozialversicherungen auf unter 40 %
Claim of Interests/Values,"Unser Ziel ist ein vereintes Europa, das gemeinsam Verantwortung für Frieden und Freiheit trägt"
Claim of Interests/Values,"Unser Ziel ist, daß Produkte und Verfahren entwickelt werden, die von vornherein ein Maximum an Um­weltverträglichkeit aufweisen"
Claim of Interests/Values,"Wir setzen uns ein für eine europaweit abgestimmte, harmonisierte, aufkommens- und wettbewerbs­neutrale Energiebesteuerung"
Claim of Interests/Values,Unser Ziel ist die Schaffung von Dauerarbeitsplätzen am regulären Arbeitsmarkt
Claim of Interests/Values,"Unser Ziel ist es, mittelfristig jedem Lang­zeitarbeitslosen, dem kein Arbeitsplatz angeboten werden kann, über die Kommunen eine gemeinnützige Arbeit zu verschaffen"
Claim of Interests/Values,"Wir stehen für eine aktive und präventive Friedenspolitik, die die internationalen Zusammenhänge beachtet."
Claim of Interests/Values,Wir setzen uns ein für eine Stärkung der Regionen und für eine eigenständige regionale Finanz- und Planungshoheit.
Claim of Interests/Values,"Unser Ziel ist es, den Anteil des Radverkehrs bis 2010 zu verdoppeln."
Claim of Interests/Values,Wir setzen uns ein für verstärkte Programme zur Lärmsanierung sowohl an Verkehrswegen als auch an den Fahrzeugen.
Claim of Interests/Values,Wir stehen für Transparenz und verbindliche Bürgerbeteiligung bei der Errichtung neuer Anlagen.
Claim of Interests/Values,Wir stehen für eine moderne Verbraucherpolitik:
Claim of Interests/Values,"Wir stehen für eine gerechte Verteilung der gesellschaftlichen Güter, und das erfordert besonders eine Parteinahme für die sozial Schwachen."
Claim of Interests/Values,Unser Ziel ist die vollständige Steuerfreistellung der Sozialversicherung
Claim of Interests/Values,Wir stehen für Generationengerechtigkeit.
Claim of Interests/Values,Wir stehen für Generationengerechtigkeit
Claim of Interests/Values,Wir setzen uns ein für eine Mindestqualifikation von Tagesmüttern
Claim of Interests/Values,Wir stehen für Teilhabe an Bildung für alle.
Claim of Interests/Values,"Unser Ziel ist es, die Menschen dabei zu unterstützen, ihre Bildungsziele zu erreichen und so zugleich die Abbruchquote zu senken."
Claim of Interests/Values,Wir stehen für eine demokratische Fortentwicklung des Cyberspace.
Claim of Interests/Values,Wir setzen uns ein für die historische Aufarbeitung der Homosexuellen-Verfolgung.
Claim of Interests/Values,"Wir stehen für eine Gesellschaft, die Frauen und Männer ermutigt und ihnen die Chance eröffnet, ihre eigenen Lebensentwürfe zu verwirklichen."
Claim of Interests/Values,"Unser Ziel ist es, diese Politik fortzusetzen und weiteren Entwicklungsländern durch nachhaltige Entschuldung eine neue Chance zu geben."
Claim of Interests/Values,Unser Ziel ist der deutliche Abbau militärischer Potenziale in unserem Land.
Claim of Interests/Values,Unser Ziel ist die Sicherung des Friedens weltweit.
Claim of Interests/Values,"Unser Ziel ist es, das wachsende Aufkommen von Güterverkehr, das Deutschland aufgrund seiner Mittellage in Europa künftig zu bewältigen hat, vermehrt von der Straße auf die Schiene zu lenken."
Claim of Interests/Values,"Unser Ziel ist es, die sozialen Sicherungssysteme zukunftsfest zu machen, durch Transparenz und Vereinfachung für mehr Gerechtigkeit zu sorgen und die Beitragslast dauerhaft unter 40 % zu senken."
Claim of Interests/Values,"Unser Ziel ist es, dass im Ergebnis alle entlastet werden und weniger Steuern zahlen."
Claim of Interests/Values,"Unser Ziel ist es, die Ökosteuer in der bestehenden Form mittelfristig abzuschaffen und sie durch eine aufkommens- und wettbewerbsneutrale, europaweit abgestimmte, harmonisierte und schadstoffbezogene Abgabe zu ersetzen."
Claim of Interests/Values,"Unser Ziel ist es, den Zugang zu Fremdfinanzierung ebenso zu erleichtern wie den Betrieben höhere Eigenkapitalquoten zu ermöglichen."
Claim of Interests/Values,"Unser Ziel ist, für Mittelstand und Existenzgründer das Angebot an Investitions- und Wagniskapital zu verbessern."
Claim of Interests/Values,"Unser Ziel ist, die zentrale Studienplatzvergabe abzuschaffen."
Claim of Interests/Values,"Unser Ziel ist es, die Förderung des selbstgenutzten Wohneigentums in Neubau und Bestand zu stärken,"
Claim of Interests/Values,Wir setzen uns ein für Ehrfurcht vor gewachsenen Traditionen.
Claim of Interests/Values,Wir stehen für eine Politik fairer Chancen für Stadt und Land.
Claim of Interests/Values,"Unser Ziel ist es, die Ökosteuer in der bestehenden Form mittelfristig abzuschaffen und sie durch eine aufkommens- und wettbewerbsneutrale, europaweit abgestimmte, harmonisierte und schadstoffbezogene Abgabe zu ersetzen."
Claim of Interests/Values,"Unser Ziel ist, das Umweltrecht überschaubarer, schneller vollziehbar und damit wirksamer und vor allem für Mittelstand und Landwirtschaft praktikabler zu machen."
Claim of Interests/Values,"Unser Ziel ist ein Naturschutz, der das Überleben der heimischen Tier- und Pflanzenwelt durch genügend große Schutzgebiete, ein Biotop-Verbundsystem und den Ausbau des Vertragsnaturschutzes sichert."
Claim of Interests/Values,"Unser Ziel ist es, dass die Kommunen wichtige Aufgaben der Daseinsvorsorge auch in Zukunft wahrnehmen können."
Claim of Interests/Values,"Wir setzen uns ein für eine Gesellschaft, in der die Menschen die notwendigen Veränderungen ohne Angst vor Arbeitslosigkeit und Ausgrenzung mitgehen können."
Claim of Interests/Values,"Unser Ziel ist es, den Anteil derer, die keinen Abschluss bekommen, massiv zu senken und den Anteil derjenigen, die zum Studium kommen, deutlich zu erhöhen."
Claim of Interests/Values,"Unser Ziel ist die Sicherstellung einer medizinischen notwendigen Versorgung für alle Menschen – unabhängig von Einkommen, Geschlecht, Herkunft, sozialer Lage und Wohnort."
Claim of Interests/Values,"Unser Ziel ist, die Prävention und Gesundheitsförderung zu einer eigenständigen Säule unseres Gesundheitswesens zu machen, damit Krankheiten, die sich z.B."
Claim of Interests/Values,Wir setzen uns ein für eine internationale Agentur für erneuerbare Energien.
Claim of Interests/Values,"Wir stehen für die Anerkennung von Verschiedenheit, für Respekt und Gleichberechtigung jedes Menschen."
Claim of Interests/Values,Wir setzen uns ein für die erleichterte Einbürgerung und die großzügige Hinnahme der doppelten Staatsbürgerschaft.
Claim of Interests/Values,Wir setzen uns ein für eine Bleiberechtsregelung.
Claim of Interests/Values,"Unser Ziel ist es, mittel- und langfristig solche Standards in der Welthandelsorganisation zu verankern."
Claim of Interests/Values,Unser Ziel ist das endgültige Aus für solche Pläne.
Claim of Interests/Values,"Wir stehen für eine EU, die Gleichberechtigung und Schutz vor Diskriminierung in allen Mitgliedsstaaten sicherstellt."
Claim of Interests/Values,Unser Ziel ist die volle Freizügigkeit in Europa.
Claim of Interests/Values,"Unser Ziel ist es, den Ressourcenverbrauch drastisch zu senken sowie Emissionen und Abfallströme deutlich zu vermindern."
Claim of Interests/Values,Wir setzen uns ein für Frieden
Claim of Interests/Values,"Unser Ziel ist ein ökonomisch effizientes, sozial angemessenes und ökologisch verträgliches Mobilitätsangebot."
Claim of Interests/Values,"Unser Ziel ist ein emissionsfreies Kraftwerk, in dem CO2 wirksam abgeschieden und gespeichert werden kann."
Claim of Interests/Values,"Wir stehen für den offenen Zugang zu den Hochschulen, unabhängig von den sozialen oder finanziellen Voraussetzungen der Jugendlichen."
Claim of Interests/Values,"Unser Ziel ist, dass alle Menschen auch in hohem Alter Anerkennung finden, aktiver Teil unserer Gesellschaft sind und in materieller Sicherheit leben können."
Claim of Interests/Values,"Unser Ziel ist, das faktische Renteneintrittsalter an das gesetzliche Eintrittsalter von 65 Jahren heranzuführen."
Claim of Interests/Values,"Unser Ziel ist richtig –Soziale Demokratie: Arbeit, Sicherheit, Menschlichkeit."
Claim of Interests/Values,Wir stehen für die Freiheit der Forschung im Dienst des Menschen.
Claim of Interests/Values,"Wir stehen für eine Umweltpolitik, in deren Mittelpunkt der Mensch steht."
Claim of Interests/Values,Wir stehen für die Rückkehr zu einer vertrauensvollen transatlantischen Zusammenarbeit.
Claim of Interests/Values,Unser Ziel ist nicht die bessere Verteilung des Mangels.
Claim of Interests/Values,"Unser Ziel ist die Rückkehr zu mehr Beschäftigung, Wachstum und Sicherheit."
Claim of Interests/Values,"Unser Ziel ist es, Anreize für den Aufbau neuer Breitband-Netze zu setzen, in dem wir dafür sorgen, dass Investitionen in diesem Bereich nicht durch staatliche Regulierung behindert werden."
Claim of Interests/Values,"Unser Ziel ist ein Unternehmensteuerrecht, das im internationalen Wettbewerb attraktiv ist."
Claim of Interests/Values,Wir stehen für die Stärkung der UN
Claim of Interests/Values,"Wir stehen für eine aktive Gestaltung der Arbeitsmigration, weil unsere Wirtschaft sie braucht."
Claim of Interests/Values,Wir stehen für eine solidarische Antwort auf die Weltwirtschaftskrise.
Claim of Interests/Values,"Unser Ziel ist es, große Erbschaften stärker als bisher zur Finanzierung öffentlicher Aufgaben heranzuziehen."
Claim of Interests/Values,Unser Ziel ist darüber hinaus eine sozial gerechte Reform der Einkommenssteuer.
Claim of Interests/Values,"Unser Ziel ist eine Grundsicherung, die ohne Sanktionen auskommt und die auf Motivation, Hilfe und Anerkennung statt auf Bestrafung setzt."
Claim of Interests/Values,"Unser Ziel ist es, die gesundheitliche Versorgung weiter zu verbessern"
Claim of Interests/Values,"Unser Ziel ist, vor allem mehr junge Menschen aus einkommensarmen Elternhäusern für ein Studium zu gewinnen."
Claim of Interests/Values,"Unser Ziel ist eine integrierte ländliche Entwicklung, die gleichwertige Lebensverhältnisse und eine gute ökonomische, soziale und kulturelle Teilhabe auf dem Land genauso ermöglicht wie in der Stadt."
Claim of Interests/Values,"Unser Ziel ist, die Chemie- und Kunststoffindustrie perspektivisch unabhängig vom Erdöl zu machen."
Claim of Interests/Values,"Wir stehen für eine Flüchtlingspolitik, die auf der Genfer Flüchtlingskonvention und der Europäischen Menschenrechtskonvention beruht."
Claim of Interests/Values,Wir stehen für eine Politik der Vielfalt und für klare Kante gegen Diskriminierung.
Claim of Interests/Values,"Unser Ziel ist es, den Osten als Bildungsstandort zu etablieren, doch dafür bedarf es verstärkter Investitionen und verbesserter Rahmenbedingungen, um Menschen zu ermutigen, hier ihre Chancen zu ergreifen."
Claim of Interests/Values,"Unser Ziel ist, Ostdeutschlands Energieversorgung mittelfristig 100-prozentig erneuerbar zu entwickeln."
Claim of Interests/Values,Wir setzen uns ein für die Öffnung der kulturellen Einrichtungen
Claim of Interests/Values,Wir stehen für eine aktivierende Klimapartnerschaft.
Claim of Interests/Values,Unser Ziel ist die Entnuklearisierung der NATO-Strategie.
Claim of Interests/Values,"Unser Ziel ist, dass Frauen selbstbestimmt ihr Leben gestalten können."
Claim of Interests/Values,"Wir stehen für eine konjunkturgerechte Schuldenregel, die das Defizit von Bund und Ländern begrenzt."
Claim of Interests/Values,"Unser Ziel ist, die Treibhausgas- emissionen in Deutschland bis zum Jahr 2020 gegenüber 1990 um mindestens 40 Prozent zu senken."
Claim of Interests/Values,Unser Ziel ist Gute Arbeit.
Claim of Interests/Values,"Unser Ziel ist ein allgemeiner gesetzlicher Mindestlohn, der eine unterste Grenze markiert, unter die Löhne nicht fallen dürfen."
Claim of Interests/Values,"Unser Ziel ist, dass alle Jugendlichen einen Berufsabschluss oder Abitur haben."
Claim of Interests/Values,"Unser Ziel ist ein sozial gerechtes, leistungsstarkes und durchlässiges Schulsystem, das kein Kind und keinen Jugendlichen zurücklässt."
Claim of Interests/Values,"Unser Ziel ist es, das Angebot an Ganztagsschulen flächendeckend auszubauen."
Claim of Interests/Values,Wir stehen für ein gebührenfreies Erststudium bis einschließlich zum Master.
Claim of Interests/Values,"Wir stehen für starke, offene und demokratische Hochschulen."
Claim of Interests/Values,"Unser Ziel ist und bleibt, dass alle Menschen am medizinischen Fortschritt teilhaben können."
Claim of Interests/Values,Wir stehen für eine gebührenfreie Bildung von der Kita bis zur Hochschule.
Claim of Interests/Values,"Unser Ziel ist eine Gesellschaft, in der man ohne Angst verschieden sein kann, in der alle frei und gleichwertig sind, mit gleichen Chancen und Möglichkeiten."
Claim of Interests/Values,Wir stehen für eine kooperative Energie- und Ressourcenpolitik.
Claim of Interests/Values,Unser Ziel ist die umfassende Teilhabe dieser Länder an einem Europa des Friedens und des Wohlstands.
Claim of Interests/Values,"Wir stehen für eine Gesellschaftspolitik, die der Freiheit verpflichtet ist."
Claim of Interests/Values,"Wir stehen für Innen- und Rechtspolitik, die sich an den Grundrechten orientiert."
Claim of Interests/Values,Wir stehen für die Soziale Marktwirtschaft.
Claim of Interests/Values,Wir stehen für Bürgerrechte.
Claim of Interests/Values,Wir stehen für Bildung als Bürgerrecht.
Claim of Interests/Values,Wir stehen für eine ausgewogene Berücksichtigung von Frauen in Führungsfunktionen.
Claim of Interests/Values,"Unser Ziel ist es, dass die Menschen mehr Netto vom Brutto erhalten."
Claim of Interests/Values,"Unser Ziel ist der Abbau aller nationalen Statistik- und Berichtspflichten, netto um 25 Prozent bis 2011."
Claim of Interests/Values,"Wir stehen für eine effektive und effiziente Arbeitsmarktpolitik, die Arbeitslose dabei unterstützt, rasch wieder eine Stelle zu finden."
Claim of Interests/Values,"Unser Ziel ist es, die Finanzierbarkeit der gesundheitlichen Versorgung zu sichern"
Claim of Interests/Values,"Unser Ziel ist es, diese Inhalte für Fachkräfte in der Kinderbetreuung gemeinsam mit Ländern und Kommunen praktisch und alltagstauglich zu machen."
Claim of Interests/Values,"Unser Ziel ist es, Schwangerschaftsabbrüche aus finanzieller Bedrängnis zu vermeiden"
Claim of Interests/Values,"Unser Ziel ist, die Zahl der Schulabbrecher bis 2012 zu halbieren"
Claim of Interests/Values,"Unser Ziel ist, Urlaub in Deutschland noch attraktiver zu machen."
Claim of Interests/Values,Unser Ziel ist die Verbesserung von Qualität und Effizienz der Daseinsvorsorge für alle Bürger.
Claim of Interests/Values,"Unser Ziel ist es, dazu beizutragen, die durchschnittliche Erwärmung der Erdatmosphäre auf maximal zwei Grad Celsius im Vergleich zur vorindustriellen Ausgangssituation zu begrenzen."
Claim of Interests/Values,Wir stehen für eine Harmonisierung der Umweltstandards in Europa.
Claim of Interests/Values,Unser Ziel ist dabei eine ökologisch und ökonomisch effizientere
Claim of Interests/Values,Unser Ziel ist eine verbindliche nationale Herkunftskennzeichnung in Abgrenzung vom Verarbeitungsort.
Claim of Interests/Values,"Unser Ziel ist es daher, als Bund unseren Beitrag für einen zeitgemäßen Technologiestandard für ganz Deutschland zu leisten."
Claim of Interests/Values,Wir stehen für eine konsequente Verfolgung und Ahndung extremistischer Straftaten.
Claim of Interests/Values,"Unser Ziel ist und bleibt eine Zweistaaten-Lösung mit einem Israel in dauerhaft sicheren Grenzen und einem lebensfähigen palästinensischen Staat, die in friedlicher Nachbarschaft leben."
Claim of Interests/Values,"Wir stehen für den Weg aus der Krise, weil gemeinsames europäisches Handeln international erfolgreicher ist."
Claim of Interests/Values,Wir stehen für kluge nationale und europäische Interessenwahrnehmung.
Claim of Interests/Values,"Und wir stehen für eine gefestigte EU, denn Europa muss Grenzen haben."
Claim of Interests/Values,"Wir stehen für eine starke, handlungsfähige Außen- und Sicherheitspolitik der EU, um unsere Interessen in der Welt des 21."
Claim of Interests/Values,Wir stehen für ein Europa der Haushaltsdisziplin
Claim of Interests/Values,"Wir stehen für eine Politik, die global denkt und handelt."
Claim of Interests/Values,"Unser Ziel ist es, Menschenrechte umzusetzen,"
Claim of Interests/Values,"Gleich ob Schule oder Arbeitsmarkt, Stadtviertel oder Kultureinrichtung, Gesundheit oder Pflege: Unser Ziel ist eine durchlässige Gesellschaft, die Blockaden abbaut, in der Anstrengung belohnt wird und niemand durch verschlossene Türen und gläserne Decken ausgebremst und ausgeschlossen wird."
Claim of Interests/Values,"Wir stehen für eine Politik, die auf Klimagerechtigkeit abzielt."
Claim of Interests/Values,"Unser Ziel ist es, dass die Europäische Union ihr Klimaschutzziel auf 30 % Emissionsreduktion (ohne Anrechnung von Auslandsprojekten) bis 2020 erhöht."
Claim of Interests/Values,"Unser Ziel ist es, flächendeckend Ganztagsschulen aufzubauen, die barrierefrei sind und in denen alle Kinder auch am Nachmittag miteinander und voneinander lernen, Wissen vertiefen, ihre Kreativität entfalten und überhaupt Neues entdecken können."
Claim of Interests/Values,Unser Ziel ist eine Ermöglichungsverfassung für bessere Bildung und Wissenschaft.
Claim of Interests/Values,"Unser Ziel ist eine Grundsicherung, die auf Motivation, Hilfe und Anerkennung statt auf Bestrafung setzt."
Claim of Interests/Values,Wir stehen für eine emanzipatorische Jugendpolitik.
Claim of Interests/Values,"Unser Ziel ist eine Gesellschaft, in der kein Kind in Armut lebt und in der jedes Kind gleich viel wert ist."
Claim of Interests/Values,Wir setzen uns ein für vorsorgeorientierte und kindgerechte Grenzwerte.
Claim of Interests/Values,"Unser Ziel ist eine nachhaltige Mobilität, die umwelt- und klimaverträglich, sozial und wirtschaftlich effizient ist."
Claim of Interests/Values,"Unser Ziel ist die Teilhabe aller an Mobilität, gleich ob in der Stadt oder auf dem Land – und zu bezahlbaren Preisen."
Claim of Interests/Values,"Unser Ziel ist es, bis 2020 die Treibhausgasemissionen des Verkehrs um 20 % zu senken."
Claim of Interests/Values,"Unser Ziel ist es, die Lebensmittelverschwendung bis 2020 zu halbieren."
Claim of Interests/Values,"Unser Ziel ist es, bis zum Ende der Legislaturperiode flächendeckend Breitbandanschlüsse im zweistelligen Mbit/s-Bereich bereitzustellen."
Claim of Interests/Values,Unser Ziel ist die flächendeckende Versorgung mit Breitbandanschlüssen im zweistelligen Mbit/s-Bereich bis Ende der Legislaturperiode.
Claim of Interests/Values,Wir stehen für die demokratische Teilhabe aller.
Claim of Interests/Values,"Unser Ziel ist Geschlechterdemokratie, die ein gerechtes Verhältnis von Frauen und Männern beinhaltet."
Claim of Interests/Values,Unser Ziel ist der möglichst weitgehende Schutz von Prostituierten.
Claim of Interests/Values,"Unser Ziel ist, dass jede und jeder die Möglichkeit hat, das, was er oder sie zum Leben braucht, selbst zu erwirtschaften."
Claim of Interests/Values,"Wir stehen für faire Arbeitsbedingungen,"
Claim of Interests/Values,Wir stehen für die Förderung von Kunst- und Kulturschaffenden durch den Erhalt und die Schaffung kulturfreundlicher Rahmenbedingungen.
Claim of Interests/Values,"Unser Ziel ist es, dass noch mehr Menschen in die kulturellen Räume, in die Theater, Konzertsäle, Kinos, Museen, Clubs und Bibliotheken kommen."
Claim of Interests/Values,Wir stehen für einen fairen Umgang mit den Städten und Gemeinden.
Claim of Interests/Values,"Wir stehen für eine solidarische Politik, die geschwächte Strukturen stärkt und zurückgebliebene Regionen dabei unterstützt, sich neu aufzustellen."
Claim of Interests/Values,"Wir stehen für eine andere – eine faire – europäische Steuerpolitik, die den Steuerwettlauf innerhalb Europas eindämmt und Steuervermeidung, Steuerhinterziehung und Steuerdumping verhindert."
Claim of Interests/Values,Wir stehen für den Frieden ein.
Claim of Interests/Values,"-  Wir stehen für ein friedliches, weltoffenes  und solidarisches Europa,"
Claim of Interests/Values,"Wir stehen für einen sofortigen, bedingungslosen Abzug der Bundeswehr aus den Auslandseinsätzen"
Claim of Interests/Values,"- Wir stehen für ein neues Modell einer leistungsfähigen, demokratischen, öffentlichen Daseinsvorsorge und Infrastruktur."
Claim of Interests/Values,Wir setzen uns ein für ihre Streichung aus dem Grundgesetz und aus allen Landesverfassungen.
Claim of Interests/Values,- Wir stehen für eine aktive Anti-Diskriminierungspolitik.
Claim of Interests/Values,"Unser Ziel ist, eine nachhaltige Demokratisierung der Demokratie, von Staat, Gesellschaft und Wirtschaft zu befördern."
Claim of Interests/Values,Unser Ziel ist Recht und Ordnung auf dem Arbeitsmarkt.
Claim of Interests/Values,Wir stehen für eine integrierte Industriepolitik als Querschnittspolitik zur Schaffung industriefreundlicher Rahmenbedingungen.
Claim of Interests/Values,"Unser Ziel ist eine integrierte Dienstleistungspolitik, die durch die Verzahnung von Wirtschafts- und Strukturpolitik"
Claim of Interests/Values,"Unser Ziel ist es, die Erwerbsbeteiligung zu erhöhen."
Claim of Interests/Values,Unser Ziel ist die gebührenfreie Bildung von der Kita bis zur Hochschule.
Claim of Interests/Values,"Unser Ziel ist es, ein leistungsfähiges und sozial gerechtes Bildungssystem zu schaffen, in dem individuelle Förderung gelebt wird."
Claim of Interests/Values,"Unser Ziel ist es, gleiche Bildungschancen und ein Recht auf Teilhabe für alle Kinder und Jugendlichen zu schaffen."
Claim of Interests/Values,"Unser Ziel ist es, dass die kulturelle, weltanschauliche und religiöse Vielfalt innerhalb unserer rechtsstaatlichen und sozialstaatlichen Grundordnung in Politik und Verwaltung, Wirtschaft, Kunst und Kultur selbstverständlich mitgedacht wird."
Claim of Interests/Values,Unser Ziel ist die Stärkung von Orten der gesellschaftlichen Begegnung und des Gesprächs sowohl unabhängig von Kunstmarkt und Kulturindustrie als auch in Kooperation mit ihnen.
Claim of Interests/Values,"Unser Ziel ist es, einen fairen und gerechten Ausgleich der Interessen von Urhebern, Verwertern und Nutzern sicherzustellen, der die kulturellen und ökonomischen Rahmenbedingungen der Kultur- und Kreativwirtschaft gewährleistet."
Claim of Interests/Values,Wir stehen für einen solidarischen Bundesstaat.
Claim of Interests/Values,"Unser Ziel ist, dass sie die Sicherheit haben, gesund und ohne materielle Not in Würde alt werden zu können."
Claim of Interests/Values,"Unser Ziel ist es, mehr und gleiche Gesundheitschancen für alle Bürgerinnen und Bürger zu schaffen."
Claim of Interests/Values,"Unser Ziel ist, für alle einen gleich guten Zugang zu medizinischer Versorgung zu schaffen und Privilegierungen im Gesundheitssystem abzubauen, also die Zwei-Klassen-Versorgung beenden."
Claim of Interests/Values,"Unser Ziel ist, die Rechte der Patientinnen und Patienten"
Claim of Interests/Values,"Unser Ziel ist es, dass Schwerkranke noch schneller zu den Spezialistinnen und Spezialisten kommen, die ihnen die beste Behandlung bieten können."
Claim of Interests/Values,"Unser Ziel ist es, die bedarfsgerechte umfassende Versorgung der Altershaushalte aufzubauen."
Claim of Interests/Values,Unser Ziel ist zukunftsgerechter und zugleich bezahlbarer Wohnraum
Claim of Interests/Values,Unser Ziel ist zukunfts- und altersgerechter und zugleich bezahlbarer Wohnraum.
Claim of Interests/Values,"Unser Ziel ist es, Regionalbudgets zu schaffen – für einen gebündelten und zielgerichteten Fördermitteleinsatz im Rahmen regional angepasster integrierter Entwicklungsstrategien."
Claim of Interests/Values,Unser Ziel ist eine nachhaltige Entwicklung.
Claim of Interests/Values,Unser Ziel ist die Stärkung der öffentlichen Daseinsvorsorge.
Claim of Interests/Values,Unser Ziel ist die Fortentwicklung der Europäischen Union zu einer handlungsfähigen Friedensmacht.
Claim of Interests/Values,"Unser Ziel ist eine kooperative, gerechte Weltordnung."
Claim of Interests/Values,Wir stehen für eine Stärkung des Systems der Vereinten Nationen.
Claim of Interests/Values,"Wir setzen uns ein für erweiterte Transparenzanforderungen für transnationale Unternehmen, insbesondere im Rohstoffsektor, durch länder- und projektbezogene Berichtpflichten."
Claim of Interests/Values,"-   Wir stehen für solide, stabile Haushalte und die Tilgung unserer Altschulden."
Claim of Interests/Values,o Wir stehen für eine Stabilitätsunion mit soliden Haushalten und Finanzen.
Claim of Interests/Values,"-   Unser Ziel ist es, die Staatsquote weiter zu senken."
Claim of Interests/Values,"-    Unser Ziel ist es, zwischen Bundes-und Landessteuern stärker zu trennen."
Claim of Interests/Values,"-   Unser Ziel ist es, im Sinne von „Privat vor Staat“ die Staatsquote weiter zu senken."
Claim of Interests/Values,Wir setzen uns ein für mehr Wettbewerbsfähigkeit
Claim of Interests/Values,"-   Unser Ziel ist es, dass die Erneuerbaren Energien spätestens im Markt sind, wenn das letzte Kernkraftwerk in Deutschland abgeschaltet ist."
Claim of Interests/Values,"Wir stehen für eine moderne, unternehmerische und nachhaltige Landwirtschaft."
Claim of Interests/Values,Wir stehen für die Vielfalt im ländlichen Raum und wir stehen für die Chancen auf Zukunft und Perspektive für alle Menschen.
Claim of Interests/Values,-   Wir stehen für eine an der Praxis orientierte Agrarforschung und einen verbesserten Wissenstransfer.
Claim of Interests/Values,"-   Wir setzen uns ein für eine Flexibilisierung der Personalstrukturen an Universitäten und einen flächendeckenden Wissenschaftstarifvertrag, der es ermöglicht, Fachkräfte in Forschung und Lehre ihren Aufgaben angemessen zu beschäftigen und attraktivere Bedingungen für den Mittelbau und den hoch qualifizierten wissenschaftlichen Nachwuchs zu schaffen."
Claim of Interests/Values,"-   Wir stehen für ein freiheitliches Gesundheitssystem, das Solidarität und Eigenverantwortung verbindet."
Claim of Interests/Values,"-    Wir setzen uns ein für die vermehrte Einrichtung von Lehrstühlen für islamische Theologie an deutschen Hochschulen, für die Ausbildung von deutschsprachigen Imamen und muslimischen Religionslehrern."
Claim of Interests/Values,-   Der Kurs zur Entbürokratisierung im Bereich Schifffahrt ist richtig – unser Ziel ist zunächst eine nationale Küstenwache und eine einheitliche Flaggenstaatsverwaltung.
Claim of Interests/Values,o Wir stehen für eine ergebnisoffene Suche eines Endlagers für hochradioaktive Abfälle.
Claim of Interests/Values,-   Wir stehen für eine Stabilitätsunion mit soliden Haushalten und Finanzen.
Claim of Interests/Values,"-   Wir setzen uns ein für die vertiefte Integration in der Sicherheits-und Verteidigungspolitik der Europäischen Union (GSVP), indem wir den Vertrag von Lissabon mit Leben füllen und mit unseren europäischen Partnern in Ständige Strukturierte Zusammenarbeiten (SSZ) eintreten."
Claim of Interests/Values,-   Wir setzen uns ein für eine verfassungskonforme Ratifizierung der UN-Konvention gegen Korruption.
Claim of Interests/Values,"-   Unser Ziel ist die Stärkung der nuklearen, radiologischen, chemischen und biologischen sowie konventionellen Kontroll-und Nichtverbreitungsregime."
Claim of Interests/Values,"Wir stehen für Rahmenbedingungen, die es unseren Sicherheitskräften ermöglichen, diese Gefahr weiterhin bestmöglich zu bekämpfen."
Claim of Interests/Values,Wir stehen für einen starken Euro und stabile Preise.
Claim of Interests/Values,"Unser Ziel ist, dass sie in den EU-Behörden und -Verwaltungen mit dem Englischen und Französischen gleich behandelt wird."
Claim of Interests/Values,"Wir stehen für eine Politik, die jedem in unserem Land Chancen auf Aufstieg und eine gute Zukunft eröffnet."
Claim of Interests/Values,"Unser Ziel ist es daher, dass auch künftig jeder ausbildungswillige und –fähige Jugendliche ein Ausbildungsangebot erhält, das zu einem anerkannten Abschluss führt."
Claim of Interests/Values,"Unser Ziel ist es, überall die Voraussetzungen für eine gute Versorgung der Bevölkerung zu schaffen."
Claim of Interests/Values,Unser Ziel ist es die besten Ideen zu finden und umzusetzen.
Claim of Interests/Values,"Unser Ziel ist, dass Deutschland ein wettbewerbsfähiges Industrieland bleibt."
Claim of Interests/Values,"Wir stehen für eine ergebnisoffene, allein an objektiven Eignungskriterien ausgerichtete Suche für einen Endlagerstandort."
Claim of Interests/Values,"Wir stehen für einen verlässlichen Staat, der für leistungsfähige Straßen, Schienen, Wasserwege und wettbewerbsfähige Flughäfen"
Claim of Interests/Values,"Unser Ziel ist dabei, dass die betriebliche Vorsorge auch für kleine und mittlere Unternehmen und deren Mitarbeiter attraktiv ist."
Claim of Interests/Values,"Wir stehen für ein leistungsfähiges Gesundheitswesen, das Menschlichkeit, Qualität und Bezahlbarkeit zusammenführt und zu einer hohen Lebensqualität in Deutschland beiträgt."
Claim of Interests/Values,"Unser Ziel ist es, ein hohes Niveau der Pflegeleistungen sicherzustellen."
Claim of Interests/Values,"Unser Ziel ist die CO2 neutrale, energie-und klimaangepasste Stadt."
Claim of Interests/Values,"Unser Ziel ist es, dass die Menschen möglichst lange in ihrer häuslichen Umgebung leben können."
Claim of Interests/Values,"Unser Ziel ist es, Umwelt und Landwirtschaft noch enger miteinander zu verzahnen."
Claim of Interests/Values,"Unser Ziel ist es, die große Nachfrage nach Bioprodukten mit heimischen Erzeugnissen zu befriedigen."
Claim of Interests/Values,"Unser Ziel ist es, das Recht auf Löschen der eigenen Daten,"
Claim of Interests/Values,Unser Ziel ist die Bereicherung der Medien-und Meinungsvielfalt in Deutschland zum Nutzen der Mediennutzer und der Mediensparte.
Claim of Interests/Values,"Unser Ziel ist es daher, die Deutsche Welle zu stärken."
Claim of Interests/Values,Unser Ziel ist auch hier eine konsequente Strafverfolgung.
Claim of Interests/Values,"Unser Ziel ist eine Zweistaaten-Lösung mit einem Israel in dauerhaft sicheren Grenzen und einem lebensfähigen palästinensischen Staat, die in friedlicher Nachbarschaft leben."
Claim of Interests/Values,"Unser Ziel ist es, die Fähigkeiten unserer Bundeswehr den sich verändernden sicherheitspolitischen Rahmenbedingungen anzupassen und ihre Finanzierung nachhaltig zu gestalten."
Claim of Interests/Values,"Wir stehen für eine solidarische, lebenswerte Gesellschaft – und betreiben einen kraftvollen Wahlkampf, um diese Ziele dann auch in der Bundespolitik umsetzen zu können."
Claim of Interests/Values,"Wir stehen für die Rekommunalisierung der Wasserversorgung ein, da sie als Infrastruktur der Grundversorgung dient."
Claim of Interests/Values,"Unser Ziel ist es, den berechtigten Interessen der Verbraucher als Konsument von Waren und Nutzer von Dienstleistungen sowie in Bezug auf Datenschutz, Urheberrecht und Transparenz mehr Geltung zu verschaffen."
Claim of Interests/Values,"Wir setzen uns ein für diskriminierungsfreie Prüfinhalte, die interkulturelle Kompetenz und Mehrsprachigkeit wertschätzen."
Claim of Interests/Values,"Unser Ziel ist es, durch solche Maßnahmen die Kriminalitätsrate insgesamt zu senken."
Claim of Interests/Values,•   Wir stehen für den Schutz der Familie als Keimzelle der Gesellschaft.
Claim of Interests/Values,"Wir setzen uns ein für den Frieden statt Rüstungsspiralen,"
Claim of Interests/Values,"Unser Ziel ist es, eine lebenswerte Welt auch für unsere Kinder und die kommenden Generationen zu erhalten."
Claim of Interests/Values,"Unser Ziel ist eine vielfältige Landwirtschaft, die ohne Gift, Gentechnik und Tierleid gesundes Essen für alle erzeugt."
Claim of Interests/Values,"Unser Ziel ist eine europäische Agrarpolitik, die bei Lebensmitteln den Umbau hin zu einer Landwirtschaft und einem Agrarmarkt fördert, die auf Klasse statt Masse setzen."
Claim of Interests/Values,"Unser Ziel ist es auch, dass so viel Kapital wie möglich aus fossilen Energieträgern abgezogen wird und stattdessen dorthin fließt, wo es nachhaltigen Wohlstand"
Claim of Interests/Values,"Unser Ziel ist es jedoch, dass überall in Europa das gefährliche Spiel mit dem atomaren Feuer ein Ende hat."
Claim of Interests/Values,"Wir stehen für eine verlässliche Entwicklungsfinanzierung und humanitäre Hilfe für Menschen in Not sowie ein stärkeres finanzielles und personelles Engagement im Rahmen der VN, der EU und der OSZE."
Claim of Interests/Values,Wir stehen für einen anderen Weg – den Weg friedlicher und offener Kooperation und globaler Solidarität.
Claim of Interests/Values,Unser Ziel ist ein bundesweiter Abschiebungsstopp nach Afghanistan.
Claim of Interests/Values,"Unser Ziel ist ein öffentlicher Raum, in dem sich alle unbefangen und ohne Angst bewegen können."
Claim of Interests/Values,"Unser Ziel ist eine inklusive Gesellschaft, die in ihrer Vielfalt zusammenhält"
Claim of Interests/Values,"Unser Ziel ist eine inklusive Gesellschaft, die frei von Barrieren sowie frei von Vorurteilen und Diskriminierung ist."
Claim of Interests/Values,"Unser Ziel ist es, Minijobs in sozialversicherungspflichtige Beschäftigung umzuwandeln und dafür zu sorgen, dass die Beiträge durch Steuern und Abgaben sowie soziale Leistungen so aufeinander abgestimmt werden, dass sich Erwerbsarbeit immer rechnet."
Claim of Interests/Values,In den Ländern zeigen wir dies zum Beispiel mit unseren Initiativen für Transparenzgesetze: Wir stehen für eine Politik des Gehörtwerdens und der Bürger*innenbeteiligung.
Claim of Interests/Values,"Unser Ziel ist eine Medienlandschaft, die vielfältig und innovativ ist und auch die kleinen Player ernst nimmt."
Claim of Interests/Values,Und wir setzen uns ein für eine Vereinheitlichung des Jugendmedienschutzes über die verschiedenen Medien hinweg und für eine aktive Stärkung der Medienkompetenz aller Altersgruppen.
Claim of Interests/Values,"Unser Ziel ist es, dass jedes Kind ein gesundes Mittagessen bekommt."
Claim of Interests/Values,"Unser Ziel ist eine Gesellschaft, in der nicht soziale Herkunft, Geschlecht, ethnische Wurzeln oder körperliche Voraussetzungen über die Zukunft von Menschen entscheiden, sondern deren Wünsche und Talente."
Claim of Interests/Values,Unser Ziel ist eine angemessene finanzielle Ausstattung für alle.
Claim of Interests/Values,"Wir setzen uns ein für eine gute, zahlenmäßig ausreichende und kostenlose Ausbildung aller Gesundheitsberufe, beispielsweise in der Altenpflege, Physio­ oder Ergotherapie, Logopädie und für Hebammen."
Claim of Interests/Values,"Wir stehen für eine humane, menschenrechtsorientierte und zudem gemeinsame europäische Flüchtlingspolitik ein."
Claim of Interests/Values,Wir stehen für eine effektive Sicherheitspolitik.
Claim of Interests/Values,Unser Ziel ist klar: Sechs Stunden Arbeit pro Tag im Schnitt sind genug!
Claim of Interests/Values,"Unser Ziel ist, dass alle die gleichen Chancen auf und den gleichen Zugang zu Bildung haben, ein Leben lang."
Claim of Interests/Values,Wir setzen uns ein für flächendeckende Kooperationen zwischen Schulen und Kunst-Institutionen sowie freien Künstlerinnen und Künstlern.
Claim of Interests/Values,Wir setzen uns ein für das Recht auf sexuelle Selbstbestimmung und Selbstbestimmung über den eigenen Körper
Claim of Interests/Values,Unser Ziel ist der solidarisch finanzierte Nulltarif im ÖPNV für alle.
Claim of Interests/Values,"Unser Ziel ist, dass Rüstungsexporte verboten werden und die gesamte Rüstungsproduktion in der Bundesrepublik Deutschland eingestellt wird."
Claim of Interests/Values,Wir setzen uns ein für die Einrichtung einer alternativen »Europäischen Gemeinschaft zur Förderung von erneuerbaren Energien und Energieeinsparung«.
Claim of Interests/Values,"Unser Ziel ist, das Öffentliche auszubauen und die Bürgerinnen und Bürger stärker zu beteiligen: eine neue Solidarität und Demokratie von unten."
Claim of Interests/Values,Wir stehen für eine friedliche Beilegung des Nahostkonfliktes im Rahmen einer Zwei-Staaten-Lösung.
Claim of Interests/Values,"Wir stehen für eine Revolution der Gerechtigkeit, die Armut beseitigt,"
Claim of Interests/Values,"Unser Ziel ist es, die Chancen, die sich aus der Digitalisierung und der weltweiten Vernetzung ergeben, zu nutzen."
Claim of Interests/Values,"Unser Ziel ist es, Befristungen deutlich zu verringern,"
Claim of Interests/Values,"Unser Ziel ist, dass Leiharbeit vom ersten Tag an genauso vergütet wird, wie in der Stammbelegschaft."
Claim of Interests/Values,"Unser Ziel ist es, dass Unternehmen schnell und unbürokratisch gegründet werden können."
Claim of Interests/Values,"Unser Ziel ist es, Frauen dabei zu unterstützen, öfter Unternehmen zu gründen."
Claim of Interests/Values,"Unser Ziel ist ein „Völkerrecht des Netzes“, das die digitalen Grundrechte definiert."
Claim of Interests/Values,Wir stehen für eine humanitäre Flüchtlingspolitik.
Claim of Interests/Values,Wir stehen für ein wissenschafts- und bildungsfreundliches Urheberrecht.
Claim of Interests/Values,"Unser Ziel ist es, die konjunkturellen Entwicklungen der Mitgliedstaaten Europas besser aufeinander abzustimmen."
Claim of Interests/Values,"Unser Ziel ist es, in allen Handels-, Investitions- und Wirtschaftspartnerschaftsabkommen Regeln für die verbindliche Einhaltung und Umsetzung menschenrechtlicher, ökologischer, verbraucherpolitischer und sozialer Standards wie der ILO-Kernarbeitsnormen mit konkreten Beschwerde-, Überprüfungs- und Sanktionsmechanismen zu vereinbaren."
Claim of Interests/Values,"Unser Ziel ist es, dass Innovation möglich bleibt, ohne ungewollt Privatsphäre zu opfern."
Claim of Interests/Values,Wir stehen für Vielfalt und Wertschätzung in der Gesellschaft.
Claim of Interests/Values,"Wir stehen für den Vorrang von Diplomatie, Gespräch, Austausch und „Wandel durch Handel“ vor militärischer Intervention."
Claim of Interests/Values,"Unser Ziel ist ein flächendeckendes Vorgehen, das Repression und Prävention vereint."
Claim of Interests/Values,Wir stehen für Kontinuität in der Gemeinsamen Agrarpolitik und für die Beibehaltung des 2-Säulen-Modells.
Claim of Interests/Values,Unser Ziel ist klar: Am Ende des Transformationsprozesses soll es in Deutschland mehr Arbeitsplätze geben als heute.
Claim of Interests/Values,"Unser Ziel ist ab sofort ein jährlicher Zubau von mindestens 5 bis 6 Gigawatt (GW) Wind an Land, ab Mitte der 20er Jahre von 7 bis 8 GW, bei Wind auf See wollen wir 35 GW bis 2035."
Claim of Interests/Values,"Unser Ziel ist es, 100 Prozent erneuerbare Energien bis 2035 zu erreichen."
Claim of Interests/Values,"Unser Ziel ist eine Wirtschaft, in der die nachhaltigsten Produkte auch die günstigsten sind."
Claim of Interests/Values,"Unser Ziel ist, dass erneuerbare Energien effizient und wirtschaftlich genutzt und Elektrolyseure systemdienlich eingesetzt werden."
Claim of Interests/Values,"Unser Ziel ist es, die Atomfabriken in Gronau und Lingen schnellstmöglich zu schließen."
Claim of Interests/Values,"Unser Ziel ist die Vision Zero, d. h. keine Toten und Schwerverletzten mehr im Straßenverkehr."
Claim of Interests/Values,"Wir setzen uns ein für eine Reduzierung von unnötigem und mutwilligem Lärm, wie er zum Beispiel auch von zu lauten Motorrädern und Pkws ausgeht."
Claim of Interests/Values,Unser Ziel ist Zero Waste.
Claim of Interests/Values,"Unser Ziel ist, dass die Menschen gesund in einer gesunden Umwelt leben können."
Claim of Interests/Values,Unser Ziel ist und bleibt: die Hälfte der Macht den Frauen.
Claim of Interests/Values,Unser Ziel ist eine Gründungswelle neuer Genossenschaften und von sozial-ökologisch inspirierter und am Gemeinwohl orientierter Unternehmen.
Claim of Interests/Values,"Wir setzen uns ein für einen nach Risiken abgestuften europäischen Ordnungsrahmen für den Einsatz automatischer Systeme, klare Regeln zur Nachvollziehbarkeit, zum Datenschutz, zum Arbeitsrecht und zur Datenqualität, um Kontrolle und Haftung, aber auch Rechtssicherheit für betroffene Betriebe zu ermöglichen."
Claim of Interests/Values,"Unser Ziel ist es, das Bundesteilhabegesetz weiterzuentwickeln und Teilhabe zu garantieren – kein Poolen von Leistungen gegen den Willen der Betroffenen, echtes Wunsch- und Wahlrecht, Leistungen unabhängig vom Einkommen und Vermögen der Leistungsberechtigten und ein Bundesteilhabegeld."
Claim of Interests/Values,"Unser Ziel ist es, im Zusammenspiel zwischen den Gesundheitsdiensten der Länder und Kommunen, Strukturen der öffentlichen Gesundheitsfürsorge an Universitäten und Hochschulen und einem neu zu schaffenden Bundesinstitut für Gesundheit gemeinsam eine starke Säule der öffentlichen Gesundheitsfürsorge aufzubauen."
Claim of Interests/Values,"Unser Ziel ist eine solidarisch finanzierte Bürger*innenversicherung, in der jede*r unabhängig vom Einkommen die Versorgung bekommt, die er oder sie braucht."
Claim of Interests/Values,"Unser Ziel ist es, dass individuelle Entfaltung,"
Claim of Interests/Values,"Unser Ziel ist schnelles, kostengünstiges und zuverlässiges Glasfaserinternet (FTTB) in jedem Haus."
Claim of Interests/Values,"Unser Ziel ist, einen individuellen Rechtsanspruch für jedes Grundschulkind auf Ganztagsbildung und -betreuung mit Qualitätsstandards umzusetzen – mit genügend Fachkräften in multiprofessionellen Teams, anregenden Räumen und Schulhöfen, einem gesunden Mittagessen und einer breit gefächerten Zusammenarbeit mit Vereinen, Musikschulen und anderen Akteur*innen vor Ort."
Claim of Interests/Values,"Unser Ziel ist es, allen Schüler*innen neue Arten des Lernens zu ermöglichen und sie auch auf eine selbstbestimmte und gesunde Teilhabe in einer digitalisierten Welt vorzubereiten."
Claim of Interests/Values,"Unser Ziel ist ein Bildungssystem, das überall und für alle gute Ausgangsbedingungen für eine gebührenfreie, zukunftsgerichtete und inklusive Bildung sichert"
Claim of Interests/Values,"Unser Ziel ist ein moderner, engagierter Staat, der mit einer effizienten, zugänglichen Verwaltung transparent, offen und in der Lage ist, Krisen effektiv zu managen, digitale Teilhabe zu sichern und es den Bürger*innen insgesamt leicht macht, ihren Alltag zu bewältigen und ihre Rechte in Anspruch zu nehmen."
Claim of Interests/Values,"Unser Ziel ist eine Gesellschaft, in der alle Menschen ohne Angst verschieden sein können."
Claim of Interests/Values,"Wir stehen für eine rationale Sicherheits- und Kriminalpolitik, die Rechtsgüter vor realen Beeinträchtigungen schützt, konkrete Gefahren anlassbezogen und zielgerichtet abwehrt sowie eine verhältnismäßige Strafverfolgung gewährleistet,"
Claim of Interests/Values,"Unser Ziel ist eine demokratisch gestärkte EU, die zusammenhält, voranschreitet"
Claim of Interests/Values,"Unser Ziel ist, die parlamentarische Demokratie der Europäischen Union zu stärken: mit einem Parlament, das in allen Bereichen gleichberechtigt mit dem Rat entscheidet, ein vollwertiges Initiativrecht für die Gesetzgebung und ein starkes Haushaltsrecht erhält."
Claim of Interests/Values,"Unser Ziel ist es, die europäischen Institutionen zu einem Zweikammersystem weiterzuentwickeln."
Claim of Interests/Values,"Unser Ziel ist eine Weltordnung, in der Konflikte nicht über das Recht des Stärkeren, sondern am Verhandlungstisch gelöst werden."
Claim of Interests/Values,"Unser Ziel ist es, dass alle jungen Menschen während ihrer Schul-, Ausbildungs- oder Studienzeit die Möglichkeit haben, europäische bzw."
Claim of Interests/Values,"Wir stehen für eine Politik der Verlässlichkeit und der Ehrlichkeit, aber auch des Mutes – wir wollen verändern."
Claim of Interests/Values,"Wir stehen für eine gesellschaftliche Entwicklung, in der die Vorherrschaft des Kapitals durch demokratische, soziale und ökologische Kräfte überwunden wird und die Gesellschaft des demokratischen Sozialismus entsteht."
Claim of Interests/Values,Wir stehen für einen gesellschaftlichen Aufbruch nach der Pandemie – nach Jahren der Kürzungspolitik und Jahrzehnten ökologischer Zerstörung: Gemeinwohl vor Profite.
Claim of Interests/Values,"Wir stehen für unteilbare Solidarität mit Mehrheiten, die jeden Tag mit ihrer bezahlten und unbezahlten Arbeit, mit Herzblut und Hoffnung diese Gesellschaft am Laufen halten."
Claim of Interests/Values,Wir stehen für lebenswerte Städte und Dörfer für alle.
Claim of Interests/Values,"Unser Ziel ist klar: Mietenexplosion und Verdrängung stoppen,"
Claim of Interests/Values,"Unser Ziel ist es, dass die Industrie bis 2035 klimaneutral, nachhaltig und energieeffizient produziert"
Claim of Interests/Values,Unser Ziel ist der solidarisch finanzierte Nulltarif im ÖPNV für alle.
Claim of Interests/Values,Unser Ziel ist die Verlagerung weiterer Bereiche des öffentlich-rechtlichen Rundfunks in die ostdeutschen Bundesländer mit mehr Entscheider*innen mit Ostbiografie.
Claim of Interests/Values,"Wir setzen uns ein für eine öffentliche Mobilitätsplattform, auf der alle Angebote aus allen Verkehrsverbünden sichtbar und buchbar sind."
Claim of Interests/Values,"Unser Ziel ist ein grundlegender Politikwechsel – in Richtung globale Bewegungsfreiheit,"
Claim of Interests/Values,"Wir stehen für gerechte Wirtschaftsbeziehungen,"
Claim of Interests/Values,Unser Ziel ist: Recht auf Nahrung und Ernährungssouveränität für alle sowie ein Verbot von Patenten auf Saatgut!
Claim of Interests/Values,"Unser Ziel ist es, Stromerzeugung, Industrie, Verkehr, Gebäude und Landwirtschaft klimaneutral zu machen, ohne Menschen oder Regionen abzuhängen (vgl."
Claim of Interests/Values,"Unser Ziel ist, die Sichtbarkeit der Ostdeutschen in allen Bereichen zu erhöhen."
Claim of Interests/Values,"Unser Ziel ist eine Solaranlage auf jedem Supermarkt, jeder Schule und jedem Rathaus."
Claim of Interests/Values,Unser Ziel ist eine Mobilitätsgarantie:
Claim of Interests/Values,"Unser Ziel ist ein moderner, bürgernaher Staat, der allen Bürger*innen einen einfachen, digitalen Zugang zu seinen Dienstleistungen bietet."
Claim of Interests/Values,"Unser Ziel ist es, die Lehr- und Lernprozesse zu individualisieren,"
Claim of Interests/Values,Wir stehen für die digitale Souveränität von Bürger*innen und Verbraucher*innen ein.
Claim of Interests/Values,Wir setzen uns ein für eine europäische Cloud-Infrastruktur.
Claim of Interests/Values,"Wir stehen für eine Finanz- und Haushaltspolitik, die die großen Zukunftsinvestitionen finanziert und so zukunftsfähige Arbeitsplätze schafft,"
Claim of Interests/Values,Wir stehen für eine Gesellschaft des Respekts.
Claim of Interests/Values,Unser Ziel ist Vollbeschäftigung mit gerechten Löhnen.
Claim of Interests/Values,"Unser Ziel ist, alle Beschäftigungsverhältnisse in die soziale Sicherung einzubeziehen."
Claim of Interests/Values,"Unser Ziel ist es, die Zahl der Nachwuchskräfte in den erzieherischen Berufen bis 2030 bundesweit zu verdoppeln."
Claim of Interests/Values,"Unser Ziel ist es, die Leistungen ohne Hürden und Umwege zugänglich zu machen."
Claim of Interests/Values,"Wir setzen uns ein für gleiche Rechte von gleichgeschlechtlichen Partner*innen in der Ehe, insbesondere bei Adoptionen."
Claim of Interests/Values,"Unser Ziel ist, dafür zu sorgen, dass diese Selbstverständlichkeit und das Zusammengehörigkeitsgefühl in allen Bereichen der Gesellschaft sichtbar und spürbar werden."
Claim of Interests/Values,"Wir setzen uns ein für Biodiversitätspolitik, um Ökosysteme zu schützen und wiederherzustellen."
Claim of Interests/Values,"Unser Ziel ist es, gesunde und nachhaltige Ernährung für alle zu ermöglichen."
Claim of Interests/Values,"Unser Ziel ist es, Europa grundlegend zu stärken, damit wir in einer multipolaren Welt unsere Eigenständigkeit und unsere Art zu leben, auch in Zukunft bewahren."
Claim of Interests/Values,Wir stehen für eine humanitäre und solidarische Asyl- und Flüchtlingspolitik in der Europäischen Union.
Claim of Interests/Values,Wir setzen uns ein für eine EU-weite Ratifizierung der Istanbul-Konvention des Europarats als verbindliche Rechtsnorm gegen Gewalt an Frauen.
Claim of Interests/Values,"Unser Ziel ist es, Steueroasen trockenzulegen"
Claim of Interests/Values,"Unser Ziel ist es ein stabiles, faires und demokratisches Handelssystem zu etablieren."
Claim of Interests/Values,Wir stehen für das Primat der Politik
Claim of Interests/Values,Wir stehen für den bestmöglichen Schutz unserer Soldat*innen.
Claim of Interests/Values,Unser Ziel ist ein ständiger europäischer Sitz
Claim of Interests/Values,Wir stehen für eine lebendige Kulturszene und die Entfaltung individueller Kreativität.
Claim of Interests/Values,"Unser Ziel ist es, im Zuge der angestrebten Harmonisierung der Unternehmensbesteuerung in Europa den deutschen Sonderweg der Gewerbesteuer zu beenden."
Claim of Interests/Values,"Wir stehen für ein solidarisches und duales Gesundheitssystem, in dem die Wahlfreiheit der Versicherten durch Krankenkassen- und Krankenversicherungsvielfalt gewährleistet ist."
Claim of Interests/Values,"Unser Ziel ist ein kosteneffizientes, sicheres und weltweit vernetztes europäisches Gesamtsystem „Energieversorgung“."
Claim of Interests/Values,"Unser Ziel ist es, kostenverursachende Normen zu vermeiden und den Entscheiderinnen und Entscheidern eine transparente Grundlage für ihr Handeln zur Verfügung zu stellen."
Claim of Interests/Values,"Unser Ziel ist, so schnell wie möglich wieder zurück zu einer Normalität zu gelangen, die uns Liebgewonnenes und Vermisstes zurückgibt und in der wir klug das Morgen gestalten."
Claim of Interests/Values,"Unser Ziel ist ein umfassender transatlantischer Wirtschafts-, Handels- und Zukunftsraum."
Claim of Interests/Values,"Denn unser Ziel ist multilateraler, fairer und regelbasierter Handel,"
Claim of Interests/Values,"Unser Ziel ist es, dass Europa in den wichtigen industriellen Zukunftsfeldern wie Künstlicher Intelligenz, Quantentechnologie, Halbleiter, Wasserstoff oder Blockchain weltweit einen Spitzenplatz einnimmt."
Claim of Interests/Values,Unser Ziel ist eine wettbewerbsfähige Unternehmensbesteuerung.
Claim of Interests/Values,"Unser Ziel ist, die Treibhausgasemissionen Deutschlands bis 2030 um 65 Prozent gegenüber dem Referenzjahr 1990 zu reduzieren, um dann auf einem konkret beschriebenen Pfad im Jahr 2040 88 Prozent Minderung und im Jahr 2045 Treibhausgasneutralität zu erreichen."
Claim of Interests/Values,"Unser Ziel ist es, das Ladesäulennetz so auszubauen, dass die Lademöglichkeiten ein Grund für den Wechsel auf Elektromobilität sind."
Claim of Interests/Values,"Unser Ziel ist, Fleisch statt lebende Tiere zu transportieren."
Claim of Interests/Values,"Unser Ziel ist, den Landbau ökologisch verträglich und ökonomisch tragfähig weiterzuentwickeln - in Kooperation mit der Landwirtschaft und nicht gegen sie."
Claim of Interests/Values,"Unser Ziel ist es, Nachhaltigkeit in der Land- und Forstwirtschaft sichtbar, messbar und bezahlbar zu machen."
Claim of Interests/Values,"Unser Ziel ist, ernährungsmitbedingten Volkskrankheiten wie starkes Übergewicht, Diabetes oder Krebs noch besser vorbeugen zu können."
Claim of Interests/Values,Unser Ziel ist eine verpflichtende europäische Haltungs-/Tierwohlkennzeichnung
Claim of Interests/Values,"Wir stehen für eine zukunftsfeste Alterssicherung auf drei Säulen: der gesetzlichen Rentenversicherung, der betrieblichen und der privaten Vorsorge."
Claim of Interests/Values,"Unser Ziel ist es, mit einem attraktiven Instrumentenmix, Altersarmut wirksam zu vermeiden."
Claim of Interests/Values,Unser Ziel ist ein inklusiver erster Arbeitsmarkt.
Claim of Interests/Values,"Unser Ziel ist es, Deutschlands und Europas Unabhängigkeit zu stärken und die Wertschöpfungsketten souveränitätskritischer medizinischer Produkte in die EU zurückzuholen."
Claim of Interests/Values,Unser Ziel ist eine langfristig und generationengerecht angelegte Haushaltsführung im Bund.
Claim of Interests/Values,Wir stehen für Steuergerechtigkeit.
Claim of Interests/Values,"Unser Ziel ist es, die Mitarbeiterkapitalbeteiligung weiter zu verbessern."
Claim of Interests/Values,"Wir stehen für Familienfreundlichkeit und wollen, dass sich möglichst viele Menschen für ein Leben mit Kindern entscheiden."
Claim of Interests/Values,"Unser Ziel ist es, das Elterngeld weiter zu stärken"
Claim of Interests/Values,"Unser Ziel ist es, geschlechterspezifische Lohn- und Rentenlücken zu beseitigen."
Claim of Interests/Values,Wir setzen uns ein für familienfreundliche Anstellungsmodelle insbesondere in der Postdoc-Phase.
Claim of Interests/Values,"Unser Ziel ist ein Land, in dem jeder Einzelne lesen und schreiben kann."
Claim of Interests/Values,Unser Ziel ist: mindestens eine deutsche Universität in die Top 20 der Welt zu bringen.
Claim of Interests/Values,"Unser Ziel ist, dass Beteiligungen an Startups erst dann besteuert werden, wenn aus den Beteiligungen Gewinne erzielt oder die Anteile veräußert werden."
Claim of Interests/Values,Unser Ziel ist die besten Softwareentwickler und IT-Köpfe für unser Gemeinwesen zu gewinnen.
Claim of Interests/Values,"Unser Ziel ist es, bis spätestens 2024 alle weißen Flecken mit stationären oder mobilen Masten zu beseitigen und das Prinzip „neue Frequenzen nur gegen flächendeckende Versorgung“ gesetzlich festzuschreiben."
Claim of Interests/Values,"Unser Ziel ist, dass bis 2025 mehr als 1,5 Millionen neue Wohnungen entstehen."
Claim of Interests/Values,"Unser Ziel ist es, überall ein bedarfsgerechtes Grundangebot im öffentlichen Verkehr sicherzustellen - auch auf dem Land."
Claim of Interests/Values,"Wir stehen für die Pflege und den Erhalt alter Bräuche, Trachten und Volkstänze sowie heimatlichen Liedguts."
Claim of Interests/Values,"Unser Ziel ist es, die Medien- und Nachrichtenkompetenz aller Bürgerinnen und Bürger zu stärken."
Claim of Interests/Values,"Unser Ziel ist es, dass unsere Kinder auch morgen noch in unserer Region gut leben und arbeiten können und dass qualifizierte Arbeitsplätze für alle Menschen zur Verfügung stehen."
Claim of Interests/Values,Unser Ziel ist eine am Menschen orientierte und wohnortnahe medizinische Versorgung.
Proclamation,.Es ist Zeit für einen NEUEN ANFANG.
Proclamation,Es ist Zeit für die Wende in der deutschen Politik!
Proclamation,"Die Zukunft gehört nicht dem Sozialismus, sondern der Freiheit."
Proclamation,"Die Zukunft gehört nicht der Sowjetunion und ihrem kommunistischen Machtsystem, sondern dem Bund freier Völker."
Proclamation,"Die Zukunft gehört nicht dem Kollektiv des Zwangs, sondern dem Menschen als Ebenbild Gottes in der Freiheit mit Ordnung."
Proclamation,Es ist Zeit für einen Wechsel
Proclamation,Es ist Zeit für Taten.
Proclamation,Es ist Zeit für die Union.
Proclamation,"Und mit Edmund Stoiber ein Kanzlerkandidat, der handelt, weil er weiß: Es ist Zeit für Taten."
Proclamation,Mit der Mehrheit der Menschen verbinden uns eine Einsicht und ein Wille: Es ist Zeit für Taten.
Proclamation,Die Zukunft gehört nahezu emmissionsfreien Autos mit Sprit aus nachwachsenden Rohstoffen oder anderen erneuerbaren Energien.
Proclamation,"Es ist Zeit für einen Wechsel und dafür, dass BÜNDNIS 90/DIE GRÜNEN wieder Regierungsverantwortung übernehmen."
Proclamation,Es ist Zeit für echte Alternativen.
Proclamation,Es ist Zeit für mehr Gerechtigkeit!
Proclamation,Es ist Zeit für mehr Gerechtigkeit!
Proclamation,"Es ist Zeit für mehr Familie, beste Schulen und gute Pflege"
Proclamation,Es ist Zeit für moderne Ausbildung und sichere Arbeit
Proclamation,Es ist Zeit für eine starke Wirtschaft und Innovationen
Proclamation,Es ist Zeit für einen starken Sozialstaat
Proclamation,Es ist Zeit für Investitionen und gerechte Steuern
Proclamation,Es ist Zeit für ein gutes Leben – in der Stadt und auf dem Land
Proclamation,Es ist Zeit für eine gesunde und saubere Zukunft
Proclamation,Es ist Zeit für mehr Sicherheit im Alltag
Proclamation,Es ist Zeit für eine geordnete Migrationspolitik
Proclamation,Es ist Zeit für eine offene und moderne Gesellschaft
Proclamation,Es ist Zeit für ein besseres Europa – sozialer und demokratischer
Proclamation,Es ist Zeit für mehr Frieden und Stabilität in der Welt
Proclamation,"Es ist Zeit für eine grundlegende Reform, die bereits im Grundsatzprogramm der AfD angelegt ist:Reduzierung der Steuer- und Abgabenquote"
Proclamation,Es ist Zeit für ein neues Normalarbeitsverhältnis.
Proclamation,"Es ist Zeit für politisch gesteuerte Verfahren, die die Benachteiligung beenden:"
Proclamation,Die Zukunft gehört den elektrischen Antrieben.
